<?xml version="1.0" encoding="UTF-8" standalone="yes"?>
<addon id="plugin.video.osmosis" name="OSMOSIS" version="0.3.8" provider-name="Stereodruid">
    <requires>
        <import addon="xbmc.python" version="2.1.0"/>
        <import addon="script.module.t0mm0.common" version="2.0.0"/>
        <import addon="script.module.beautifulsoup" version="3.2.1"/>
        <import addon="script.module.simple.downloader" version="0.9.4"/>
        <import addon="script.module.beautifulsoup4" />
        <import addon="script.module.simple.downloader" version="0.9.4"/>
        <import addon="script.module.requests" />
        <import addon="script.module.httplib2" />
        <import addon="script.module.youtube.dl" optional="true"/>
        <import addon="plugin.video.youtube" version="3.0.0"/>
        <import addon="script.module.urlresolver" optional="true"/>
        <import addon="script.module.simplejson" /> 
        <import addon="script.common.plugin.cache" version="2.5.2"/>
        <import addon="script.module.metahandler" version="2.9.0"/>
        <import addon="script.module.pyxbmct" version="1.1" />
        <import addon="service.watchdog" version="0.9.7"/>
<!--         <import addon="script.module.pydevd" version="4.4.0"/> -->
    </requires>
    <extension point="xbmc.python.pluginsource" library="default.py">
    <provides>video</provides>
    </extension>
    <extension point="xbmc.service" library="service.py" start="startup"/>
    <extension point="xbmc.addon.metadata">
    <summary lang="en">Generates Strm files form streams that can be scraped to the library</summary>
    <description lang="en">Generate Strm files from Kodi Plugins, UPNP, Youtube, and RSS Sources, that can be scraped to the library.
		
		v0.3.8 Special thanks goes to Kodinerds.net users:
		- Tester: 1
		- Tester: 2
		- Tester: 3
		- Tester: 4
		- Tester: 5</description>
    <disclaimer lang="en"></disclaimer>
	<summary lang="de">
		Erstellt Strm-Dateien die mit einem Scraper zur Datenbank hinzugefügt werden können.
	</summary>
    <description lang="de">
    	Erstellt Strm-Dateien Kodi-Plugins, UPNP, Youtube, and RSS Sourcen, die mit einem Scraper zur Datenbank hinzugefügt werden können.
    	Unterstützte Formate: Serien, Filme, Rss-Sources und UPNP Quellen

		v0.3.8 Special thanks goes to Kodinerds.net users:
		- Tester: 1
		- Tester: 2
		- Tester: 3
		- Tester: 4
		- Tester: 5
    </description>
    <disclaimer lang="de"></disclaimer>
    <language></language>
    <platform>all</platform>
    <license>GNU GENERAL PUBLIC LICENSE. Version 3</license>
    <forum>https://www.kodinerds.net/index.php/Thread/53307-Beta-Version-OSMOSIS-Streams-zur-DB-hinzuf%C3%BCgen/?postID=328166#post327429</forum>
    <website></website>
    <email></email>
    <source>https://github.com/stereodruid/OSMOSIS</source>
    <news>v0.3.8 Special thanks goes to Kodinerds.net users:
		- Tester: 1
		- Tester: 2
		- Tester: 3
		- Tester: 4
		- Tester: 5</news>
    <assets>
        <icon>icon.png</icon>
        <fanart>fanart.jpg</fanart>
        <screenshot>fanart.jpg</screenshot>
    </assets>
    </extension>
</addon>
