<?xml version="1.0" encoding="UTF-8" standalone="yes"?>
<addon id="plugin.video.osmosis" name="OSMOSIS" version="0.0.1" provider-name="Jan, stereodruid">
    <requires>
        <import addon="xbmc.python" version="2.1.0"/>
        <import addon="script.module.t0mm0.common" version="2.0.0"/>
        <import addon="script.module.beautifulsoup" version="3.2.1"/>
        <import addon="script.module.simple.downloader" version="0.9.4"/>
        <import addon="script.module.beautifulsoup4" />
        <import addon="script.module.simple.downloader" version="0.9.4"/>
        <import addon="script.module.requests" />
        <import addon="script.module.httplib2" />
        <import addon="script.module.youtube.dl" optional="true"/>
        <import addon="plugin.video.youtube" version="3.0.0"/>
        <import addon="script.module.urlresolver" optional="true"/>
        <import addon="script.module.simplejson" /> 
        <import addon="script.common.plugin.cache" version="2.5.2"/>
        <import addon="script.module.metahandler" version="2.9.0"/>
    </requires>
    <extension point="xbmc.python.pluginsource" library="default.py">
    <provides>video</provides>
    </extension>
    <extension point="xbmc.service" library="service.py" start="startup"/>
    <extension point="xbmc.addon.metadata">
        <platform>all</platform>
        <platform>all</platform>
        <license>GNU GENERAL PUBLIC LICENSE. Version 3</license>
        <source>https://github.com/stereodruid/OSMOSIS/tree/master/plugin.video.osmosis</source>
		<summary lang="en_US">Library Strm Generator</summary>
        <description lang="en_US">Generate Strms from Kodi Plugins, UPNP, Youtube, and RSS Sources.</description>
    </extension>
</addon>
